geography,subsector,year,household_unit,sector
new_england,single_family,2015,3496102,residential
new_england,single_family,2016,3517846,residential
new_england,single_family,2017,3541512,residential
new_england,single_family,2018,3565621,residential
new_england,single_family,2019,3590143,residential
new_england,single_family,2020,3614057,residential
new_england,single_family,2021,3639223,residential
new_england,single_family,2022,3664214,residential
new_england,single_family,2023,3688420,residential
new_england,single_family,2024,3712077,residential
new_england,single_family,2025,3736002,residential
new_england,single_family,2026,3759497,residential
new_england,single_family,2027,3782155,residential
new_england,single_family,2028,3804198,residential
new_england,single_family,2029,3825747,residential
new_england,single_family,2030,3846841,residential
new_england,single_family,2031,3867446,residential
new_england,single_family,2032,3887772,residential
new_england,single_family,2033,3907447,residential
new_england,single_family,2034,3926419,residential
new_england,single_family,2035,3945162,residential
new_england,single_family,2036,3963321,residential
new_england,single_family,2037,3980978,residential
new_england,single_family,2038,3998265,residential
new_england,single_family,2039,4015114,residential
new_england,single_family,2040,4031796,residential
new_england,single_family,2041,4048177,residential
new_england,single_family,2042,4064294,residential
new_england,single_family,2043,4080374,residential
new_england,single_family,2044,4096514,residential
new_england,single_family,2045,4112624,residential
new_england,single_family,2046,4128609,residential
new_england,single_family,2047,4144333,residential
new_england,single_family,2048,4159834,residential
new_england,single_family,2049,4175175,residential
new_england,single_family,2050,4190386,residential
new_england,multi_family,2015,2004141,residential
new_england,multi_family,2016,2018479,residential
new_england,multi_family,2017,2030774,residential
new_england,multi_family,2018,2043938,residential
new_england,multi_family,2019,2058287,residential
new_england,multi_family,2020,2071512,residential
new_england,multi_family,2021,2083243,residential
new_england,multi_family,2022,2094584,residential
new_england,multi_family,2023,2105132,residential
new_england,multi_family,2024,2115653,residential
new_england,multi_family,2025,2126619,residential
new_england,multi_family,2026,2137374,residential
new_england,multi_family,2027,2147443,residential
new_england,multi_family,2028,2157009,residential
new_england,multi_family,2029,2166229,residential
new_england,multi_family,2030,2175361,residential
new_england,multi_family,2031,2184212,residential
new_england,multi_family,2032,2192721,residential
new_england,multi_family,2033,2200751,residential
new_england,multi_family,2034,2208356,residential
new_england,multi_family,2035,2215805,residential
new_england,multi_family,2036,2222860,residential
new_england,multi_family,2037,2229786,residential
new_england,multi_family,2038,2236722,residential
new_england,multi_family,2039,2243660,residential
new_england,multi_family,2040,2250437,residential
new_england,multi_family,2041,2257080,residential
new_england,multi_family,2042,2263783,residential
new_england,multi_family,2043,2270547,residential
new_england,multi_family,2044,2277171,residential
new_england,multi_family,2045,2283607,residential
new_england,multi_family,2046,2289790,residential
new_england,multi_family,2047,2295924,residential
new_england,multi_family,2048,2302086,residential
new_england,multi_family,2049,2308317,residential
new_england,multi_family,2050,2314653,residential
new_england,mobile_home,2015,128601,residential
new_england,mobile_home,2016,128224,residential
new_england,mobile_home,2017,128104,residential
new_england,mobile_home,2018,128043,residential
new_england,mobile_home,2019,127925,residential
new_england,mobile_home,2020,127701,residential
new_england,mobile_home,2021,127667,residential
new_england,mobile_home,2022,127627,residential
new_england,mobile_home,2023,127587,residential
new_england,mobile_home,2024,127589,residential
new_england,mobile_home,2025,127653,residential
new_england,mobile_home,2026,127846,residential
new_england,mobile_home,2027,127954,residential
new_england,mobile_home,2028,127978,residential
new_england,mobile_home,2029,127868,residential
new_england,mobile_home,2030,127651,residential
new_england,mobile_home,2031,127395,residential
new_england,mobile_home,2032,127134,residential
new_england,mobile_home,2033,126864,residential
new_england,mobile_home,2034,126619,residential
new_england,mobile_home,2035,126435,residential
new_england,mobile_home,2036,126246,residential
new_england,mobile_home,2037,126015,residential
new_england,mobile_home,2038,125752,residential
new_england,mobile_home,2039,125490,residential
new_england,mobile_home,2040,125261,residential
new_england,mobile_home,2041,125029,residential
new_england,mobile_home,2042,124811,residential
new_england,mobile_home,2043,124622,residential
new_england,mobile_home,2044,124448,residential
new_england,mobile_home,2045,124262,residential
new_england,mobile_home,2046,124014,residential
new_england,mobile_home,2047,123698,residential
new_england,mobile_home,2048,123339,residential
new_england,mobile_home,2049,122953,residential
new_england,mobile_home,2050,122521,residential
middle_atlantic,single_family,2015,9174731,residential
middle_atlantic,single_family,2016,9214714,residential
middle_atlantic,single_family,2017,9258429,residential
middle_atlantic,single_family,2018,9302996,residential
middle_atlantic,single_family,2019,9348362,residential
middle_atlantic,single_family,2020,9392540,residential
middle_atlantic,single_family,2021,9439159,residential
middle_atlantic,single_family,2022,9485446,residential
middle_atlantic,single_family,2023,9530213,residential
middle_atlantic,single_family,2024,9573922,residential
middle_atlantic,single_family,2025,9618164,residential
middle_atlantic,single_family,2026,9661584,residential
middle_atlantic,single_family,2027,9703390,residential
middle_atlantic,single_family,2028,9744015,residential
middle_atlantic,single_family,2029,9783705,residential
middle_atlantic,single_family,2030,9822540,residential
middle_atlantic,single_family,2031,9860455,residential
middle_atlantic,single_family,2032,9897869,residential
middle_atlantic,single_family,2033,9934059,residential
middle_atlantic,single_family,2034,9968924,residential
middle_atlantic,single_family,2035,10003399,residential
middle_atlantic,single_family,2036,10036789,residential
middle_atlantic,single_family,2037,10069253,residential
middle_atlantic,single_family,2038,10101054,residential
middle_atlantic,single_family,2039,10132054,residential
middle_atlantic,single_family,2040,10162784,residential
middle_atlantic,single_family,2041,10192714,residential
middle_atlantic,single_family,2042,10221916,residential
middle_atlantic,single_family,2043,10250836,residential
middle_atlantic,single_family,2044,10279658,residential
middle_atlantic,single_family,2045,10308205,residential
middle_atlantic,single_family,2046,10336299,residential
middle_atlantic,single_family,2047,10363699,residential
middle_atlantic,single_family,2048,10390487,residential
middle_atlantic,single_family,2049,10416770,residential
middle_atlantic,single_family,2050,10442598,residential
middle_atlantic,multi_family,2015,5841457,residential
middle_atlantic,multi_family,2016,5863704,residential
middle_atlantic,multi_family,2017,5881946,residential
middle_atlantic,multi_family,2018,5901905,residential
middle_atlantic,multi_family,2019,5924201,residential
middle_atlantic,multi_family,2020,5944308,residential
middle_atlantic,multi_family,2021,5961500,residential
middle_atlantic,multi_family,2022,5977948,residential
middle_atlantic,multi_family,2023,5992863,residential
middle_atlantic,multi_family,2024,6007748,residential
middle_atlantic,multi_family,2025,6023529,residential
middle_atlantic,multi_family,2026,6038922,residential
middle_atlantic,multi_family,2027,6052994,residential
middle_atlantic,multi_family,2028,6066109,residential
middle_atlantic,multi_family,2029,6078573,residential
middle_atlantic,multi_family,2030,6090903,residential
middle_atlantic,multi_family,2031,6102718,residential
middle_atlantic,multi_family,2032,6113903,residential
middle_atlantic,multi_family,2033,6124190,residential
middle_atlantic,multi_family,2034,6133689,residential
middle_atlantic,multi_family,2035,6142931,residential
middle_atlantic,multi_family,2036,6151449,residential
middle_atlantic,multi_family,2037,6159763,residential
middle_atlantic,multi_family,2038,6168157,residential
middle_atlantic,multi_family,2039,6176610,residential
middle_atlantic,multi_family,2040,6184797,residential
middle_atlantic,multi_family,2041,6192652,residential
middle_atlantic,multi_family,2042,6200557,residential
middle_atlantic,multi_family,2043,6208511,residential
middle_atlantic,multi_family,2044,6216122,residential
middle_atlantic,multi_family,2045,6223295,residential
middle_atlantic,multi_family,2046,6229907,residential
middle_atlantic,multi_family,2047,6236365,residential
middle_atlantic,multi_family,2048,6242819,residential
middle_atlantic,multi_family,2049,6249347,residential
middle_atlantic,multi_family,2050,6256009,residential
middle_atlantic,mobile_home,2015,361506,residential
middle_atlantic,mobile_home,2016,358863,residential
middle_atlantic,mobile_home,2017,356753,residential
middle_atlantic,mobile_home,2018,354789,residential
middle_atlantic,mobile_home,2019,352745,residential
middle_atlantic,mobile_home,2020,350525,residential
middle_atlantic,mobile_home,2021,348704,residential
middle_atlantic,mobile_home,2022,346904,residential
middle_atlantic,mobile_home,2023,345134,residential
middle_atlantic,mobile_home,2024,343475,residential
middle_atlantic,mobile_home,2025,341967,residential
middle_atlantic,mobile_home,2026,340739,residential
middle_atlantic,mobile_home,2027,339374,residential
middle_atlantic,mobile_home,2028,337875,residential
middle_atlantic,mobile_home,2029,336141,residential
middle_atlantic,mobile_home,2030,334229,residential
middle_atlantic,mobile_home,2031,332268,residential
middle_atlantic,mobile_home,2032,330325,residential
middle_atlantic,mobile_home,2033,328394,residential
middle_atlantic,mobile_home,2034,326539,residential
middle_atlantic,mobile_home,2035,324833,residential
middle_atlantic,mobile_home,2036,323146,residential
middle_atlantic,mobile_home,2037,321403,residential
middle_atlantic,mobile_home,2038,319626,residential
middle_atlantic,mobile_home,2039,317876,residential
middle_atlantic,mobile_home,2040,316221,residential
middle_atlantic,mobile_home,2041,314548,residential
middle_atlantic,mobile_home,2042,312897,residential
middle_atlantic,mobile_home,2043,311292,residential
middle_atlantic,mobile_home,2044,309708,residential
middle_atlantic,mobile_home,2045,308089,residential
middle_atlantic,mobile_home,2046,306344,residential
middle_atlantic,mobile_home,2047,304466,residential
middle_atlantic,mobile_home,2048,302503,residential
middle_atlantic,mobile_home,2049,300486,residential
middle_atlantic,mobile_home,2050,298378,residential
east_north_central,single_family,2015,13175099,residential
east_north_central,single_family,2016,13237205,residential
east_north_central,single_family,2017,13305013,residential
east_north_central,single_family,2018,13374119,residential
east_north_central,single_family,2019,13444447,residential
east_north_central,single_family,2020,13512957,residential
east_north_central,single_family,2021,13585208,residential
east_north_central,single_family,2022,13656958,residential
east_north_central,single_family,2023,13726395,residential
east_north_central,single_family,2024,13794227,residential
east_north_central,single_family,2025,13862902,residential
east_north_central,single_family,2026,13930342,residential
east_north_central,single_family,2027,13995340,residential
east_north_central,single_family,2028,14058556,residential
east_north_central,single_family,2029,14120359,residential
east_north_central,single_family,2030,14180864,residential
east_north_central,single_family,2031,14239962,residential
east_north_central,single_family,2032,14298287,residential
east_north_central,single_family,2033,14354720,residential
east_north_central,single_family,2034,14409099,residential
east_north_central,single_family,2035,14462850,residential
east_north_central,single_family,2036,14514900,residential
east_north_central,single_family,2037,14565492,residential
east_north_central,single_family,2038,14615026,residential
east_north_central,single_family,2039,14663290,residential
east_north_central,single_family,2040,14711100,residential
east_north_central,single_family,2041,14758008,residential
east_north_central,single_family,2042,14804119,residential
east_north_central,single_family,2043,14850124,residential
east_north_central,single_family,2044,14896311,residential
east_north_central,single_family,2045,14942410,residential
east_north_central,single_family,2046,14988118,residential
east_north_central,single_family,2047,15032996,residential
east_north_central,single_family,2048,15077131,residential
east_north_central,single_family,2049,15120696,residential
east_north_central,single_family,2050,15163773,residential
east_north_central,multi_family,2015,4289665,residential
east_north_central,multi_family,2016,4309323,residential
east_north_central,multi_family,2017,4325701,residential
east_north_central,multi_family,2018,4343476,residential
east_north_central,multi_family,2019,4363153,residential
east_north_central,multi_family,2020,4381039,residential
east_north_central,multi_family,2021,4396541,residential
east_north_central,multi_family,2022,4411434,residential
east_north_central,multi_family,2023,4425076,residential
east_north_central,multi_family,2024,4438694,residential
east_north_central,multi_family,2025,4453050,residential
east_north_central,multi_family,2026,4467093,residential
east_north_central,multi_family,2027,4480063,residential
east_north_central,multi_family,2028,4492254,residential
east_north_central,multi_family,2029,4503918,residential
east_north_central,multi_family,2030,4515471,residential
east_north_central,multi_family,2031,4526601,residential
east_north_central,multi_family,2032,4537209,residential
east_north_central,multi_family,2033,4547074,residential
east_north_central,multi_family,2034,4556282,residential
east_north_central,multi_family,2035,4565266,residential
east_north_central,multi_family,2036,4573642,residential
east_north_central,multi_family,2037,4581833,residential
east_north_central,multi_family,2038,4590071,residential
east_north_central,multi_family,2039,4598337,residential
east_north_central,multi_family,2040,4606368,residential
east_north_central,multi_family,2041,4614098,residential
east_north_central,multi_family,2042,4621840,residential
east_north_central,multi_family,2043,4629590,residential
east_north_central,multi_family,2044,4637029,residential
east_north_central,multi_family,2045,4644078,residential
east_north_central,multi_family,2046,4650635,residential
east_north_central,multi_family,2047,4657011,residential
east_north_central,multi_family,2048,4663321,residential
east_north_central,multi_family,2049,4669627,residential
east_north_central,multi_family,2050,4675981,residential
east_north_central,mobile_home,2015,629627,residential
east_north_central,mobile_home,2016,624215,residential
east_north_central,mobile_home,2017,619635,residential
east_north_central,mobile_home,2018,615298,residential
east_north_central,mobile_home,2019,610865,residential
east_north_central,mobile_home,2020,606187,residential
east_north_central,mobile_home,2021,602137,residential
east_north_central,mobile_home,2022,598142,residential
east_north_central,mobile_home,2023,594214,residential
east_north_central,mobile_home,2024,590479,residential
east_north_central,mobile_home,2025,586995,residential
east_north_central,mobile_home,2026,583959,residential
east_north_central,mobile_home,2027,580736,residential
east_north_central,mobile_home,2028,577334,residential
east_north_central,mobile_home,2029,573597,residential
east_north_central,mobile_home,2030,569608,residential
east_north_central,mobile_home,2031,565565,residential
east_north_central,mobile_home,2032,561567,residential
east_north_central,mobile_home,2033,557604,residential
east_north_central,mobile_home,2034,553774,residential
east_north_central,mobile_home,2035,550183,residential
east_north_central,mobile_home,2036,546636,residential
east_north_central,mobile_home,2037,543017,residential
east_north_central,mobile_home,2038,539361,residential
east_north_central,mobile_home,2039,535758,residential
east_north_central,mobile_home,2040,532310,residential
east_north_central,mobile_home,2041,528896,residential
east_north_central,mobile_home,2042,525573,residential
east_north_central,mobile_home,2043,522380,residential
east_north_central,mobile_home,2044,519279,residential
east_north_central,mobile_home,2045,516183,residential
east_north_central,mobile_home,2046,512944,residential
east_north_central,mobile_home,2047,509538,residential
east_north_central,mobile_home,2048,506035,residential
east_north_central,mobile_home,2049,502482,residential
east_north_central,mobile_home,2050,498820,residential
west_north_central,single_family,2015,6263921,residential
west_north_central,single_family,2016,6310400,residential
west_north_central,single_family,2017,6361029,residential
west_north_central,single_family,2018,6412717,residential
west_north_central,single_family,2019,6465411,residential
west_north_central,single_family,2020,6516957,residential
west_north_central,single_family,2021,6571292,residential
west_north_central,single_family,2022,6625412,residential
west_north_central,single_family,2023,6678023,residential
west_north_central,single_family,2024,6729626,residential
west_north_central,single_family,2025,6781968,residential
west_north_central,single_family,2026,6833562,residential
west_north_central,single_family,2027,6883533,residential
west_north_central,single_family,2028,6932351,residential
west_north_central,single_family,2029,6980278,residential
west_north_central,single_family,2030,7027401,residential
west_north_central,single_family,2031,7073640,residential
west_north_central,single_family,2032,7119459,residential
west_north_central,single_family,2033,7164046,residential
west_north_central,single_family,2034,7207278,residential
west_north_central,single_family,2035,7250204,residential
west_north_central,single_family,2036,7292036,residential
west_north_central,single_family,2037,7332952,residential
west_north_central,single_family,2038,7373248,residential
west_north_central,single_family,2039,7412762,residential
west_north_central,single_family,2040,7452102,residential
west_north_central,single_family,2041,7491034,residential
west_north_central,single_family,2042,7529639,residential
west_north_central,single_family,2043,7568439,residential
west_north_central,single_family,2044,7607659,residential
west_north_central,single_family,2045,7647100,residential
west_north_central,single_family,2046,7686532,residential
west_north_central,single_family,2047,7725625,residential
west_north_central,single_family,2048,7764449,residential
west_north_central,single_family,2049,7803123,residential
west_north_central,single_family,2050,7841695,residential
west_north_central,multi_family,2015,1662715,residential
west_north_central,multi_family,2016,1680877,residential
west_north_central,multi_family,2017,1696763,residential
west_north_central,multi_family,2018,1713683,residential
west_north_central,multi_family,2019,1732005,residential
west_north_central,multi_family,2020,1749087,residential
west_north_central,multi_family,2021,1764503,residential
west_north_central,multi_family,2022,1779518,residential
west_north_central,multi_family,2023,1793666,residential
west_north_central,multi_family,2024,1807832,residential
west_north_central,multi_family,2025,1822565,residential
west_north_central,multi_family,2026,1837105,residential
west_north_central,multi_family,2027,1850901,residential
west_north_central,multi_family,2028,1864162,residential
west_north_central,multi_family,2029,1877070,residential
west_north_central,multi_family,2030,1889930,residential
west_north_central,multi_family,2031,1902517,residential
west_north_central,multi_family,2032,1914756,residential
west_north_central,multi_family,2033,1926485,residential
west_north_central,multi_family,2034,1937768,residential
west_north_central,multi_family,2035,1948924,residential
west_north_central,multi_family,2036,1959670,residential
west_north_central,multi_family,2037,1970321,residential
west_north_central,multi_family,2038,1981052,residential
west_north_central,multi_family,2039,1991850,residential
west_north_central,multi_family,2040,2002517,residential
west_north_central,multi_family,2041,2013054,residential
west_north_central,multi_family,2042,2023699,residential
west_north_central,multi_family,2043,2034454,residential
west_north_central,multi_family,2044,2045071,residential
west_north_central,multi_family,2045,2055489,residential
west_north_central,multi_family,2046,2065627,residential
west_north_central,multi_family,2047,2075732,residential
west_north_central,multi_family,2048,2085896,residential
west_north_central,multi_family,2049,2096169,residential
west_north_central,multi_family,2050,2106585,residential
west_north_central,mobile_home,2015,350708,residential
west_north_central,mobile_home,2016,348523,residential
west_north_central,mobile_home,2017,346912,residential
west_north_central,mobile_home,2018,345457,residential
west_north_central,mobile_home,2019,343916,residential
west_north_central,mobile_home,2020,342183,residential
west_north_central,mobile_home,2021,340883,residential
west_north_central,mobile_home,2022,339605,residential
west_north_central,mobile_home,2023,338359,residential
west_north_central,mobile_home,2024,337236,residential
west_north_central,mobile_home,2025,336280,residential
west_north_central,mobile_home,2026,335633,residential
west_north_central,mobile_home,2027,334836,residential
west_north_central,mobile_home,2028,333893,residential
west_north_central,mobile_home,2029,332688,residential
west_north_central,mobile_home,2030,331285,residential
west_north_central,mobile_home,2031,329825,residential
west_north_central,mobile_home,2032,328386,residential
west_north_central,mobile_home,2033,326957,residential
west_north_central,mobile_home,2034,325614,residential
west_north_central,mobile_home,2035,324437,residential
west_north_central,mobile_home,2036,323281,residential
west_north_central,mobile_home,2037,322061,residential
west_north_central,mobile_home,2038,320802,residential
west_north_central,mobile_home,2039,319572,residential
west_north_central,mobile_home,2040,318450,residential
west_north_central,mobile_home,2041,317365,residential
west_north_central,mobile_home,2042,316363,residential
west_north_central,mobile_home,2043,315474,residential
west_north_central,mobile_home,2044,314672,residential
west_north_central,mobile_home,2045,313889,residential
west_north_central,mobile_home,2046,313005,residential
west_north_central,mobile_home,2047,312003,residential
west_north_central,mobile_home,2048,310935,residential
west_north_central,mobile_home,2049,309839,residential
west_north_central,mobile_home,2050,308661,residential
south_atlantic,single_family,2015,16122720,residential
south_atlantic,single_family,2016,16307210,residential
south_atlantic,single_family,2017,16509237,residential
south_atlantic,single_family,2018,16717099,residential
south_atlantic,single_family,2019,16930722,residential
south_atlantic,single_family,2020,17141638,residential
south_atlantic,single_family,2021,17365368,residential
south_atlantic,single_family,2022,17590084,residential
south_atlantic,single_family,2023,17810560,residential
south_atlantic,single_family,2024,18028734,residential
south_atlantic,single_family,2025,18251652,residential
south_atlantic,single_family,2026,18473230,residential
south_atlantic,single_family,2027,18689810,residential
south_atlantic,single_family,2028,18903248,residential
south_atlantic,single_family,2029,19114564,residential
south_atlantic,single_family,2030,19324052,residential
south_atlantic,single_family,2031,19531326,residential
south_atlantic,single_family,2032,19738298,residential
south_atlantic,single_family,2033,19941424,residential
south_atlantic,single_family,2034,20140100,residential
south_atlantic,single_family,2035,20338808,residential
south_atlantic,single_family,2036,20534062,residential
south_atlantic,single_family,2037,20726588,residential
south_atlantic,single_family,2038,20917648,residential
south_atlantic,single_family,2039,21106496,residential
south_atlantic,single_family,2040,21295844,residential
south_atlantic,single_family,2041,21484264,residential
south_atlantic,single_family,2042,21672116,residential
south_atlantic,single_family,2043,21861780,residential
south_atlantic,single_family,2044,22054312,residential
south_atlantic,single_family,2045,22248812,residential
south_atlantic,single_family,2046,22444232,residential
south_atlantic,single_family,2047,22639000,residential
south_atlantic,single_family,2048,22833406,residential
south_atlantic,single_family,2049,23028024,residential
south_atlantic,single_family,2050,23223116,residential
south_atlantic,multi_family,2015,5356013,residential
south_atlantic,multi_family,2016,5427443,residential
south_atlantic,multi_family,2017,5490900,residential
south_atlantic,multi_family,2018,5558967,residential
south_atlantic,multi_family,2019,5633164,residential
south_atlantic,multi_family,2020,5703200,residential
south_atlantic,multi_family,2021,5767392,residential
south_atlantic,multi_family,2022,5830611,residential
south_atlantic,multi_family,2023,5890982,residential
south_atlantic,multi_family,2024,5952000,residential
south_atlantic,multi_family,2025,6015884,residential
south_atlantic,multi_family,2026,6079569,residential
south_atlantic,multi_family,2027,6140772,residential
south_atlantic,multi_family,2028,6200321,residential
south_atlantic,multi_family,2029,6258937,residential
south_atlantic,multi_family,2030,6317878,residential
south_atlantic,multi_family,2031,6376174,residential
south_atlantic,multi_family,2032,6433498,residential
south_atlantic,multi_family,2033,6489128,residential
south_atlantic,multi_family,2034,6543306,residential
south_atlantic,multi_family,2035,6597389,residential
south_atlantic,multi_family,2036,6650127,residential
south_atlantic,multi_family,2037,6702887,residential
south_atlantic,multi_family,2038,6756427,residential
south_atlantic,multi_family,2039,6810703,residential
south_atlantic,multi_family,2040,6864836,residential
south_atlantic,multi_family,2041,6918743,residential
south_atlantic,multi_family,2042,6973493,residential
south_atlantic,multi_family,2043,7029101,residential
south_atlantic,multi_family,2044,7084452,residential
south_atlantic,multi_family,2045,7139265,residential
south_atlantic,multi_family,2046,7193147,residential
south_atlantic,multi_family,2047,7247227,residential
south_atlantic,multi_family,2048,7301921,residential
south_atlantic,multi_family,2049,7357466,residential
south_atlantic,multi_family,2050,7414055,residential
south_atlantic,mobile_home,2015,1996118,residential
south_atlantic,mobile_home,2016,1988854,residential
south_atlantic,mobile_home,2017,1985739,residential
south_atlantic,mobile_home,2018,1983844,residential
south_atlantic,mobile_home,2019,1981448,residential
south_atlantic,mobile_home,2020,1977748,residential
south_atlantic,mobile_home,2021,1977306,residential
south_atlantic,mobile_home,2022,1977128,residential
south_atlantic,mobile_home,2023,1977286,residential
south_atlantic,mobile_home,2024,1978454,residential
south_atlantic,mobile_home,2025,1980975,residential
south_atlantic,mobile_home,2026,1985945,residential
south_atlantic,mobile_home,2027,1989874,residential
south_atlantic,mobile_home,2028,1992771,residential
south_atlantic,mobile_home,2029,1993726,residential
south_atlantic,mobile_home,2030,1993187,residential
south_atlantic,mobile_home,2031,1992259,residential
south_atlantic,mobile_home,2032,1991526,residential
south_atlantic,mobile_home,2033,1990916,residential
south_atlantic,mobile_home,2034,1991023,residential
south_atlantic,mobile_home,2035,1992500,residential
south_atlantic,mobile_home,2036,1994177,residential
south_atlantic,mobile_home,2037,1995361,residential
south_atlantic,mobile_home,2038,1996243,residential
south_atlantic,mobile_home,2039,1997396,residential
south_atlantic,mobile_home,2040,1999464,residential
south_atlantic,mobile_home,2041,2001827,residential
south_atlantic,mobile_home,2042,2004869,residential
south_atlantic,mobile_home,2043,2008859,residential
south_atlantic,mobile_home,2044,2013575,residential
south_atlantic,mobile_home,2045,2018451,residential
south_atlantic,mobile_home,2046,2022470,residential
south_atlantic,mobile_home,2047,2025455,residential
south_atlantic,mobile_home,2048,2027855,residential
south_atlantic,mobile_home,2049,2029996,residential
south_atlantic,mobile_home,2050,2031407,residential
east_south_central,single_family,2015,5195207,residential
east_south_central,single_family,2016,5244674,residential
east_south_central,single_family,2017,5298555,residential
east_south_central,single_family,2018,5353654,residential
east_south_central,single_family,2019,5409930,residential
east_south_central,single_family,2020,5465132,residential
east_south_central,single_family,2021,5523376,residential
east_south_central,single_family,2022,5581515,residential
east_south_central,single_family,2023,5638184,residential
east_south_central,single_family,2024,5693900,residential
east_south_central,single_family,2025,5750492,residential
east_south_central,single_family,2026,5806385,residential
east_south_central,single_family,2027,5860647,residential
east_south_central,single_family,2028,5913766,residential
east_south_central,single_family,2029,5966011,residential
east_south_central,single_family,2030,6017465,residential
east_south_central,single_family,2031,6068039,residential
east_south_central,single_family,2032,6118217,residential
east_south_central,single_family,2033,6167128,residential
east_south_central,single_family,2034,6214635,residential
east_south_central,single_family,2035,6261847,residential
east_south_central,single_family,2036,6307921,residential
east_south_central,single_family,2037,6353042,residential
east_south_central,single_family,2038,6397524,residential
east_south_central,single_family,2039,6441195,residential
east_south_central,single_family,2040,6484701,residential
east_south_central,single_family,2041,6527782,residential
east_south_central,single_family,2042,6570522,residential
east_south_central,single_family,2043,6613481,residential
east_south_central,single_family,2044,6656904,residential
east_south_central,single_family,2045,6700576,residential
east_south_central,single_family,2046,6744258,residential
east_south_central,single_family,2047,6787605,residential
east_south_central,single_family,2048,6830701,residential
east_south_central,single_family,2049,6873686,residential
east_south_central,single_family,2050,6916625,residential
east_south_central,multi_family,2015,1202266,residential
east_south_central,multi_family,2016,1222388,residential
east_south_central,multi_family,2017,1240217,residential
east_south_central,multi_family,2018,1259148,residential
east_south_central,multi_family,2019,1279566,residential
east_south_central,multi_family,2020,1298748,residential
east_south_central,multi_family,2021,1316253,residential
east_south_central,multi_family,2022,1333378,residential
east_south_central,multi_family,2023,1349640,residential
east_south_central,multi_family,2024,1365950,residential
east_south_central,multi_family,2025,1382878,residential
east_south_central,multi_family,2026,1399633,residential
east_south_central,multi_family,2027,1415635,residential
east_south_central,multi_family,2028,1431100,residential
east_south_central,multi_family,2029,1446214,residential
east_south_central,multi_family,2030,1461297,residential
east_south_central,multi_family,2031,1476107,residential
east_south_central,multi_family,2032,1490565,residential
east_south_central,multi_family,2033,1504498,residential
east_south_central,multi_family,2034,1517971,residential
east_south_central,multi_family,2035,1531317,residential
east_south_central,multi_family,2036,1544235,residential
east_south_central,multi_family,2037,1557058,residential
east_south_central,multi_family,2038,1569968,residential
east_south_central,multi_family,2039,1582953,residential
east_south_central,multi_family,2040,1595803,residential
east_south_central,multi_family,2041,1608515,residential
east_south_central,multi_family,2042,1621340,residential
east_south_central,multi_family,2043,1634280,residential
east_south_central,multi_family,2044,1647075,residential
east_south_central,multi_family,2045,1659661,residential
east_south_central,multi_family,2046,1671953,residential
east_south_central,multi_family,2047,1684217,residential
east_south_central,multi_family,2048,1696554,residential
east_south_central,multi_family,2049,1709020,residential
east_south_central,multi_family,2050,1721659,residential
east_south_central,mobile_home,2015,799716,residential
east_south_central,mobile_home,2016,793343,residential
east_south_central,mobile_home,2017,788125,residential
east_south_central,mobile_home,2018,783261,residential
east_south_central,mobile_home,2019,778285,residential
east_south_central,mobile_home,2020,772989,residential
east_south_central,mobile_home,2021,768581,residential
east_south_central,mobile_home,2022,764267,residential
east_south_central,mobile_home,2023,760062,residential
east_south_central,mobile_home,2024,756144,residential
east_south_central,mobile_home,2025,752594,residential
east_south_central,mobile_home,2026,749694,residential
east_south_central,mobile_home,2027,746541,residential
east_south_central,mobile_home,2028,743141,residential
east_south_central,mobile_home,2029,739268,residential
east_south_central,mobile_home,2030,735038,residential
east_south_central,mobile_home,2031,730733,residential
east_south_central,mobile_home,2032,726499,residential
east_south_central,mobile_home,2033,722318,residential
east_south_central,mobile_home,2034,718335,residential
east_south_central,mobile_home,2035,714708,residential
east_south_central,mobile_home,2036,711149,residential
east_south_central,mobile_home,2037,707490,residential
east_south_central,mobile_home,2038,703779,residential
east_south_central,mobile_home,2039,700151,residential
east_south_central,mobile_home,2040,696761,residential
east_south_central,mobile_home,2041,693479,residential
east_south_central,mobile_home,2042,690395,residential
east_south_central,mobile_home,2043,687571,residential
east_south_central,mobile_home,2044,684952,residential
east_south_central,mobile_home,2045,682405,residential
east_south_central,mobile_home,2046,679692,residential
east_south_central,mobile_home,2047,676776,residential
east_south_central,mobile_home,2048,673764,residential
east_south_central,mobile_home,2049,670731,residential
east_south_central,mobile_home,2050,667570,residential
west_south_central,single_family,2015,9657193,residential
west_south_central,single_family,2016,9801337,residential
west_south_central,single_family,2017,9958780,residential
west_south_central,single_family,2018,10120542,residential
west_south_central,single_family,2019,10286559,residential
west_south_central,single_family,2020,10450366,residential
west_south_central,single_family,2021,10623820,residential
west_south_central,single_family,2022,10797882,residential
west_south_central,single_family,2023,10968569,residential
west_south_central,single_family,2024,11137357,residential
west_south_central,single_family,2025,11309615,residential
west_south_central,single_family,2026,11480713,residential
west_south_central,single_family,2027,11647872,residential
west_south_central,single_family,2028,11812510,residential
west_south_central,single_family,2029,11975410,residential
west_south_central,single_family,2030,12136798,residential
west_south_central,single_family,2031,12296384,residential
west_south_central,single_family,2032,12455623,residential
west_south_central,single_family,2033,12611838,residential
west_south_central,single_family,2034,12764578,residential
west_south_central,single_family,2035,12917239,residential
west_south_central,single_family,2036,13067185,residential
west_south_central,single_family,2037,13214969,residential
west_south_central,single_family,2038,13361542,residential
west_south_central,single_family,2039,13506346,residential
west_south_central,single_family,2040,13651425,residential
west_south_central,single_family,2041,13795876,residential
west_south_central,single_family,2042,13939964,residential
west_south_central,single_family,2043,14085490,residential
west_south_central,single_family,2044,14233246,residential
west_south_central,single_family,2045,14382554,residential
west_south_central,single_family,2046,14532644,residential
west_south_central,single_family,2047,14682384,residential
west_south_central,single_family,2048,14832008,residential
west_south_central,single_family,2049,14981910,residential
west_south_central,single_family,2050,15132246,residential
west_south_central,multi_family,2015,3026633,residential
west_south_central,multi_family,2016,3084295,residential
west_south_central,multi_family,2017,3135824,residential
west_south_central,multi_family,2018,3190794,residential
west_south_central,multi_family,2019,3250354,residential
west_south_central,multi_family,2020,3306694,residential
west_south_central,multi_family,2021,3358539,residential
west_south_central,multi_family,2022,3409588,residential
west_south_central,multi_family,2023,3458424,residential
west_south_central,multi_family,2024,3507694,residential
west_south_central,multi_family,2025,3559074,residential
west_south_central,multi_family,2026,3610247,residential
west_south_central,multi_family,2027,3659491,residential
west_south_central,multi_family,2028,3707433,residential
west_south_central,multi_family,2029,3754619,residential
west_south_central,multi_family,2030,3801999,residential
west_south_central,multi_family,2031,3848843,residential
west_south_central,multi_family,2032,3894908,residential
west_south_central,multi_family,2033,3939653,residential
west_south_central,multi_family,2034,3983260,residential
west_south_central,multi_family,2035,4026754,residential
west_south_central,multi_family,2036,4069194,residential
west_south_central,multi_family,2037,4111609,residential
west_south_central,multi_family,2038,4154564,residential
west_south_central,multi_family,2039,4198027,residential
west_south_central,multi_family,2040,4241339,residential
west_south_central,multi_family,2041,4284503,residential
west_south_central,multi_family,2042,4328321,residential
west_south_central,multi_family,2043,4372802,residential
west_south_central,multi_family,2044,4417111,residential
west_south_central,multi_family,2045,4461037,residential
west_south_central,multi_family,2046,4504291,residential
west_south_central,multi_family,2047,4547743,residential
west_south_central,multi_family,2048,4591714,residential
west_south_central,multi_family,2049,4636365,residential
west_south_central,multi_family,2050,4681825,residential
west_south_central,mobile_home,2015,1086108,residential
west_south_central,mobile_home,2016,1088169,residential
west_south_central,mobile_home,2017,1093257,residential
west_south_central,mobile_home,2018,1099130,residential
west_south_central,mobile_home,2019,1104473,residential
west_south_central,mobile_home,2020,1108678,residential
west_south_central,mobile_home,2021,1115229,residential
west_south_central,mobile_home,2022,1121845,residential
west_south_central,mobile_home,2023,1128579,residential
west_south_central,mobile_home,2024,1135950,residential
west_south_central,mobile_home,2025,1144217,residential
west_south_central,mobile_home,2026,1154215,residential
west_south_central,mobile_home,2027,1163293,residential
west_south_central,mobile_home,2028,1171463,residential
west_south_central,mobile_home,2029,1178036,residential
west_south_central,mobile_home,2030,1183357,residential
west_south_central,mobile_home,2031,1188268,residential
west_south_central,mobile_home,2032,1193212,residential
west_south_central,mobile_home,2033,1198139,residential
west_south_central,mobile_home,2034,1203499,residential
west_south_central,mobile_home,2035,1209787,residential
west_south_central,mobile_home,2036,1216119,residential
west_south_central,mobile_home,2037,1221977,residential
west_south_central,mobile_home,2038,1227505,residential
west_south_central,mobile_home,2039,1233136,residential
west_south_central,mobile_home,2040,1239358,residential
west_south_central,mobile_home,2041,1245732,residential
west_south_central,mobile_home,2042,1252548,residential
west_south_central,mobile_home,2043,1260011,residential
west_south_central,mobile_home,2044,1267954,residential
west_south_central,mobile_home,2045,1275953,residential
west_south_central,mobile_home,2046,1283243,residential
west_south_central,mobile_home,2047,1289699,residential
west_south_central,mobile_home,2048,1295664,residential
west_south_central,mobile_home,2049,1301376,residential
west_south_central,mobile_home,2050,1306475,residential
mountain,single_family,2015,6045482,residential
mountain,single_family,2016,6120606,residential
mountain,single_family,2017,6203167,residential
mountain,single_family,2018,6288454,residential
mountain,single_family,2019,6376480,residential
mountain,single_family,2020,6463778,residential
mountain,single_family,2021,6556756,residential
mountain,single_family,2022,6650551,residential
mountain,single_family,2023,6742996,residential
mountain,single_family,2024,6834885,residential
mountain,single_family,2025,6929170,residential
mountain,single_family,2026,7023304,residential
mountain,single_family,2027,7115736,residential
mountain,single_family,2028,7207237,residential
mountain,single_family,2029,7298236,residential
mountain,single_family,2030,7388851,residential
mountain,single_family,2031,7478912,residential
mountain,single_family,2032,7569238,residential
mountain,single_family,2033,7658294,residential
mountain,single_family,2034,7745808,residential
mountain,single_family,2035,7833724,residential
mountain,single_family,2036,7920516,residential
mountain,single_family,2037,8006492,residential
mountain,single_family,2038,8092202,residential
mountain,single_family,2039,8177313,residential
mountain,single_family,2040,8263025,residential
mountain,single_family,2041,8348516,residential
mountain,single_family,2042,8433944,residential
mountain,single_family,2043,8520380,residential
mountain,single_family,2044,8608302,residential
mountain,single_family,2045,8697309,residential
mountain,single_family,2046,8786948,residential
mountain,single_family,2047,8876538,residential
mountain,single_family,2048,8966232,residential
mountain,single_family,2049,9056292,residential
mountain,single_family,2050,9146826,residential
mountain,multi_family,2015,1817089,residential
mountain,multi_family,2016,1856281,residential
mountain,multi_family,2017,1891560,residential
mountain,multi_family,2018,1929357,residential
mountain,multi_family,2019,1970489,residential
mountain,multi_family,2020,2009644,residential
mountain,multi_family,2021,2045949,residential
mountain,multi_family,2022,2081912,residential
mountain,multi_family,2023,2116550,residential
mountain,multi_family,2024,2151688,residential
mountain,multi_family,2025,2188502,residential
mountain,multi_family,2026,2225378,residential
mountain,multi_family,2027,2261103,residential
mountain,multi_family,2028,2296109,residential
mountain,multi_family,2029,2330774,residential
mountain,multi_family,2030,2365776,residential
mountain,multi_family,2031,2400591,residential
mountain,multi_family,2032,2435040,residential
mountain,multi_family,2033,2468725,residential
mountain,multi_family,2034,2501773,residential
mountain,multi_family,2035,2534925,residential
mountain,multi_family,2036,2567492,residential
mountain,multi_family,2037,2600227,residential
mountain,multi_family,2038,2633552,residential
mountain,multi_family,2039,2667447,residential
mountain,multi_family,2040,2701423,residential
mountain,multi_family,2041,2735317,residential
mountain,multi_family,2042,2769732,residential
mountain,multi_family,2043,2804677,residential
mountain,multi_family,2044,2839525,residential
mountain,multi_family,2045,2874118,residential
mountain,multi_family,2046,2908238,residential
mountain,multi_family,2047,2942539,residential
mountain,multi_family,2048,2977267,residential
mountain,multi_family,2049,3012560,residential
mountain,multi_family,2050,3048523,residential
mountain,mobile_home,2015,651176,residential
mountain,mobile_home,2016,645308,residential
mountain,mobile_home,2017,640358,residential
mountain,mobile_home,2018,635749,residential
mountain,mobile_home,2019,631139,residential
mountain,mobile_home,2020,626365,residential
mountain,mobile_home,2021,622341,residential
mountain,mobile_home,2022,618465,residential
mountain,mobile_home,2023,614752,residential
mountain,mobile_home,2024,611337,residential
mountain,mobile_home,2025,608291,residential
mountain,mobile_home,2026,605839,residential
mountain,mobile_home,2027,603265,residential
mountain,mobile_home,2028,600569,residential
mountain,mobile_home,2029,597556,residential
mountain,mobile_home,2030,594317,residential
mountain,mobile_home,2031,591079,residential
mountain,mobile_home,2032,587964,residential
mountain,mobile_home,2033,584953,residential
mountain,mobile_home,2034,582173,residential
mountain,mobile_home,2035,579763,residential
mountain,mobile_home,2036,577473,residential
mountain,mobile_home,2037,575155,residential
mountain,mobile_home,2038,572847,residential
mountain,mobile_home,2039,570672,residential
mountain,mobile_home,2040,568768,residential
mountain,mobile_home,2041,567010,residential
mountain,mobile_home,2042,565481,residential
mountain,mobile_home,2043,564240,residential
mountain,mobile_home,2044,563240,residential
mountain,mobile_home,2045,562354,residential
mountain,mobile_home,2046,561356,residential
mountain,mobile_home,2047,560205,residential
mountain,mobile_home,2048,559002,residential
mountain,mobile_home,2049,557817,residential
mountain,mobile_home,2050,556540,residential
pacific,single_family,2015,11750718,residential
pacific,single_family,2016,11831049,residential
pacific,single_family,2017,11919069,residential
pacific,single_family,2018,12009400,residential
pacific,single_family,2019,12101991,residential
pacific,single_family,2020,12193014,residential
pacific,single_family,2021,12289487,residential
pacific,single_family,2022,12386058,residential
pacific,single_family,2023,12480388,residential
pacific,single_family,2024,12573356,residential
pacific,single_family,2025,12668112,residential
pacific,single_family,2026,12761942,residential
pacific,single_family,2027,12853233,residential
pacific,single_family,2028,12942816,residential
pacific,single_family,2029,13031150,residential
pacific,single_family,2030,13118373,residential
pacific,single_family,2031,13204321,residential
pacific,single_family,2032,13289837,residential
pacific,single_family,2033,13373382,residential
pacific,single_family,2034,13454706,residential
pacific,single_family,2035,13535756,residential
pacific,single_family,2036,13615034,residential
pacific,single_family,2037,13692867,residential
pacific,single_family,2038,13769806,residential
pacific,single_family,2039,13845545,residential
pacific,single_family,2040,13921243,residential
pacific,single_family,2041,13996471,residential
pacific,single_family,2042,14071386,residential
pacific,single_family,2043,14147006,residential
pacific,single_family,2044,14223784,residential
pacific,single_family,2045,14301338,residential
pacific,single_family,2046,14379234,residential
pacific,single_family,2047,14456810,residential
pacific,single_family,2048,14534190,residential
pacific,single_family,2049,14611620,residential
pacific,single_family,2050,14689222,residential
pacific,multi_family,2015,5340055,residential
pacific,multi_family,2016,5374401,residential
pacific,multi_family,2017,5403995,residential
pacific,multi_family,2018,5436091,residential
pacific,multi_family,2019,5471539,residential
pacific,multi_family,2020,5504471,residential
pacific,multi_family,2021,5533935,residential
pacific,multi_family,2022,5562720,residential
pacific,multi_family,2023,5589773,residential
pacific,multi_family,2024,5617070,residential
pacific,multi_family,2025,5645858,residential
pacific,multi_family,2026,5674412,residential
pacific,multi_family,2027,5701461,residential
pacific,multi_family,2028,5727473,residential
pacific,multi_family,2029,5752852,residential
pacific,multi_family,2030,5778299,residential
pacific,multi_family,2031,5803278,residential
pacific,multi_family,2032,5827613,residential
pacific,multi_family,2033,5850913,residential
pacific,multi_family,2034,5873314,residential
pacific,multi_family,2035,5895560,residential
pacific,multi_family,2036,5916976,residential
pacific,multi_family,2037,5938306,residential
pacific,multi_family,2038,5959961,residential
pacific,multi_family,2039,5981918,residential
pacific,multi_family,2040,6003705,residential
pacific,multi_family,2041,6025339,residential
pacific,multi_family,2042,6047396,residential
pacific,multi_family,2043,6069883,residential
pacific,multi_family,2044,6092208,residential
pacific,multi_family,2045,6114223,residential
pacific,multi_family,2046,6135724,residential
pacific,multi_family,2047,6157315,residential
pacific,multi_family,2048,6179219,residential
pacific,multi_family,2049,6201562,residential
pacific,multi_family,2050,6224451,residential
pacific,mobile_home,2015,783483,residential
pacific,mobile_home,2016,776053,residential
pacific,mobile_home,2017,769624,residential
pacific,mobile_home,2018,763541,residential
pacific,mobile_home,2019,757419,residential
pacific,mobile_home,2020,751083,residential
pacific,mobile_home,2021,745535,residential
pacific,mobile_home,2022,740115,residential
pacific,mobile_home,2023,734837,residential
pacific,mobile_home,2024,729847,residential
pacific,mobile_home,2025,725216,residential
pacific,mobile_home,2026,721179,residential
pacific,mobile_home,2027,716979,residential
pacific,mobile_home,2028,712619,residential
pacific,mobile_home,2029,707904,residential
pacific,mobile_home,2030,702931,residential
pacific,mobile_home,2031,697937,residential
pacific,mobile_home,2032,693044,residential
pacific,mobile_home,2033,688238,residential
pacific,mobile_home,2034,683640,residential
pacific,mobile_home,2035,679388,residential
pacific,mobile_home,2036,675233,residential
pacific,mobile_home,2037,671031,residential
pacific,mobile_home,2038,666820,residential
pacific,mobile_home,2039,662719,residential
pacific,mobile_home,2040,658862,residential
pacific,mobile_home,2041,655141,residential
pacific,mobile_home,2042,651638,residential
pacific,mobile_home,2043,648407,residential
pacific,mobile_home,2044,645401,residential
pacific,mobile_home,2045,642503,residential
pacific,mobile_home,2046,639500,residential
pacific,mobile_home,2047,636354,residential
pacific,mobile_home,2048,633155,residential
pacific,mobile_home,2049,629972,residential
pacific,mobile_home,2050,626705,residential